Id,IsDeleted,MasterRecordId,Name,LastName,FirstName,Salutation,Type,RecordTypeId,ParentId,BillingStreet,BillingCity,BillingState,BillingPostalCode,BillingCountry,BillingLatitude,BillingLongitude,BillingGeocodeAccuracy,BillingAddress,ShippingStreet,ShippingCity,ShippingState,ShippingPostalCode,ShippingCountry,ShippingLatitude,ShippingLongitude,ShippingGeocodeAccuracy,ShippingAddress,Phone,Fax,Website,PhotoUrl,Industry,AnnualRevenue,NumberOfEmployees,Description,OwnerId,CreatedDate,CreatedById,LastModifiedDate,LastModifiedById,SystemModstamp,LastActivityDate,LastViewedDate,LastReferencedDate,IsPartner,IsCustomerPortal,PersonContactId,IsPersonAccount,PersonMailingStreet,PersonMailingCity,PersonMailingState,PersonMailingPostalCode,PersonMailingCountry,PersonMailingLatitude,PersonMailingLongitude,PersonMailingGeocodeAccuracy,PersonMailingAddress,PersonOtherStreet,PersonOtherCity,PersonOtherState,PersonOtherPostalCode,PersonOtherCountry,PersonOtherLatitude,PersonOtherLongitude,PersonOtherGeocodeAccuracy,PersonOtherAddress,PersonMobilePhone,PersonHomePhone,PersonOtherPhone,PersonAssistantPhone,PersonEmail,PersonTitle,PersonDepartment,PersonAssistantName,PersonLeadSource,PersonBirthdate,PersonLastCURequestDate,PersonLastCUUpdateDate,PersonEmailBouncedReason,PersonEmailBouncedDate,PersonIndividualId,Jigsaw,JigsawCompanyId,AccountSource,SicDesc,OperatingHoursId,FinServ__BankNumber__c,FinServ__BorrowingHistory__c,FinServ__BorrowingPriorities__c,FinServ__BranchCode__c,FinServ__BranchName__c,FinServ__ClaimsOnHouseholdPolicies__c,FinServ__ClientCategory__c,FinServ__ConversionDateTime__c,FinServ__CreditRating__c,FinServ__CreditScore__c,FinServ__CustomerID__c,FinServ__CustomerSegment__c,FinServ__CustomerType__c,FinServ__FinancialInterests__c,FinServ__HouseholdPolicies__c,FinServ__IndividualId__c,FinServ__IndividualType__c,FinServ__InsuranceCustomerSince__c,FinServ__InvestmentExperience__c,FinServ__InvestmentObjectives__c,FinServ__KYCDate__c,FinServ__KYCStatus__c,FinServ__LastInteraction__c,FinServ__LastReview__c,FinServ__LastTransactionDateJointOwner__c,FinServ__LastTransactionDatePrimaryOwner__c,FinServ__LastUsedChannel__c,FinServ__LifetimeValue__c,FinServ__MarketingSegment__c,FinServ__NetWorth__c,FinServ__NextInteraction__c,FinServ__NextReview__c,FinServ__Notes__c,FinServ__PersonalInterests__c,FinServ__PrimaryContact__c,FinServ__ReferredByContact__c,FinServ__ReferredByUser__c,FinServ__RelationshipStartDate__c,FinServ__ReviewFrequency__c,FinServ__RiskTolerance__c,FinServ__ServiceModel__c,FinServ__SourceSystemId__c,FinServ__Status__c,FinServ__TimeHorizon__c,FinServ__TotalAUMJointOwner__c,FinServ__TotalAUMPrimaryOwner__c,FinServ__TotalBankDepositsJointOwner__c,FinServ__TotalBankDepositsPrimaryOwner__c,FinServ__TotalClaimAmountPaid__c,FinServ__TotalFinAcctsJointOwner__c,FinServ__TotalFinAcctsPrimaryOwner__c,FinServ__TotalHeldFinAcctsJointOwner__c,FinServ__TotalHeldFinAcctsPrimaryOwner__c,FinServ__TotalHouseholdPremiums__c,FinServ__TotalInsuranceJointOwner__c,FinServ__TotalInsurancePrimaryOwner__c,FinServ__TotalInvestmentsJointOwner__c,FinServ__TotalInvestmentsPrimaryOwner__c,FinServ__TotalLiabilitiesJointOwner__c,FinServ__TotalLiabilitiesPrimaryOwner__c,FinServ__TotalNonfinancialAssetsJointOwner__c,FinServ__TotalNonfinancialAssetsPrimaryOwner__c,FinServ__TotalNumberOfFinAccountsJointOwner__c,FinServ__TotalNumberOfFinAccountsPrimaryOwner__c,FinServ__TotalOutstandingCreditJointOwner__c,FinServ__TotalOutstandingCreditPrimaryOwner__c,FinServ__TotalPremium__c,FinServ__TotalRevenue__c,FinServ__AUM__c,FinServ__LastTransactionDate__c,FinServ__LengthOfRelationship__c,FinServ__TotalBankDeposits__c,FinServ__TotalFinancialAccounts__c,FinServ__TotalInsurance__c,FinServ__TotalInvestments__c,FinServ__TotalLiabilities__c,FinServ__TotalNonfinancialAssets__c,FinServ__TotalNumberOfFinAccounts__c,FinServ__TotalOutstandingCredit__c,FinServ__WalletShare__c,vlocity_ins__CalculatedAddress__c,vlocity_ins__Active__c,vlocity_ins__AgencyBrokerageNumber__c,vlocity_ins__ClaimSystemStatus__c,vlocity_ins__CustomerPriority__c,vlocity_ins__DateFounded__c,vlocity_ins__DateOfFirstInsurance__c,vlocity_ins__DirectoryListed__c,vlocity_ins__Disclosure1__c,vlocity_ins__Disclosure2__c,vlocity_ins__Disclosure3__c,vlocity_ins__Email__c,vlocity_ins__EnableAutopay__c,vlocity_ins__HasCarrierContract__c,vlocity_ins__IsPartner__c,vlocity_ins__IsPersonAccount__c,vlocity_ins__IsRootResolved__c,vlocity_ins__MarketSegment__c,vlocity_ins__NPNNumber__c,vlocity_ins__NetWorth__c,vlocity_ins__NumberOfDependents__c,vlocity_ins__NumberOfEligibles__c,vlocity_ins__NumberOfMedicareBeds__c,vlocity_ins__NumberOfMembers__c,vlocity_ins__NumberOfSubscribers__c,vlocity_ins__NumberofLocations__c,vlocity_ins__NumberofProducers__c,vlocity_ins__OperatingHoursId__c,vlocity_ins__PartnerTier__c,vlocity_ins__PartyId__c,vlocity_ins__PersonContactId__c,vlocity_ins__PremiumYear__c,vlocity_ins__PrimaryBroker__c,vlocity_ins__PrimaryContactId__c,vlocity_ins__ProviderIdentifier__c,vlocity_ins__ProviderIsAcceptingNewPatients__c,vlocity_ins__RatingType__c,vlocity_ins__ReferredByContactId__c,vlocity_ins__RelationshipStartDate__c,vlocity_ins__SLAExpirationDate__c,vlocity_ins__SLASerialNumber__c,vlocity_ins__SLA__c,vlocity_ins__SSACountyCode__c,vlocity_ins__Status__c,vlocity_ins__TaxID__c,vlocity_ins__TerminationReason__c,vlocity_ins__TerminationRequestedBy__c,vlocity_ins__SumOfEmployees__c,vlocity_ins__SumOfFTE__c,Assets_Under_Management__c,Summarization_of_Open_Cases__c,Summarization_of_Life_Events__c,Summarization_of_Interaction_Summaries__c,Client_Profile_Summary__c,Credit_Score__c,Recommended_Product__c,FinServ__Affiliations__pc,FinServ__AgeAsText__pc,FinServ__Age__pc,FinServ__AnnualIncome__pc,FinServ__BillingAddress__pc,FinServ__Citizenship__pc,FinServ__CommunicationPreferences__pc,FinServ__ContactPreference__pc,FinServ__CountryOfBirth__pc,FinServ__CountryOfResidence__pc,FinServ__CreatedFromLead__pc,FinServ__CurrentEmployer__pc,FinServ__CustomerTimezone__pc,FinServ__EmailVerified__pc,FinServ__EmployedSince__pc,FinServ__Facebook__pc,FinServ__FaxVerified__pc,FinServ__Gender__pc,FinServ__HomeOwnership__pc,FinServ__HomePhoneVerified__pc,FinServ__IndividualType__pc,FinServ__LanguagesSpoken__pc,FinServ__LastFourDigitSSN__pc,FinServ__LinkedIn__pc,FinServ__MailingAddress__pc,FinServ__MaritalStatus__pc,FinServ__MarketingOptOut__pc,FinServ__MobileVerified__pc,FinServ__MostUsedChannel__pc,FinServ__MotherMaidenName__pc,FinServ__NextLifeEvent__pc,FinServ__NumberOfChildren__pc,FinServ__NumberOfDependents__pc,FinServ__Occupation__pc,FinServ__OtherAddress__pc,FinServ__PreferredName__pc,FinServ__PrimaryAddressIsBilling__pc,FinServ__PrimaryAddressIsMailing__pc,FinServ__PrimaryAddressIsOther__pc,FinServ__PrimaryAddressIsShipping__pc,FinServ__PrimaryCitizenship__pc,FinServ__PrimaryLanguage__pc,FinServ__ReferredByContact__pc,FinServ__ReferredByUser__pc,FinServ__ReferrerScore__pc,FinServ__SecondaryCitizenship__pc,FinServ__SecondaryLanguage__pc,FinServ__ShippingAddress__pc,FinServ__SourceSystemId__pc,FinServ__TaxBracket__pc,FinServ__TaxId__pc,FinServ__Twitter__pc,FinServ__WeddingAnniversary__pc,FinServ__IndividualId__pc,vlocity_ins__Age__pc,vlocity_ins__PrimaryAgencyBrokerageRecordTypeId__pc,vlocity_ins__AnnualCommission__pc,vlocity_ins__AnnualIncome__pc,vlocity_ins__AnnualPremium__pc,vlocity_ins__CAQHIdentifier__pc,vlocity_ins__CustomerSentiment__pc,vlocity_ins__DriversLicenseNumber__pc,vlocity_ins__EmploymentStatus__pc,vlocity_ins__Gender__pc,vlocity_ins__Has24x7Service__pc,vlocity_ins__Image__pc,vlocity_ins__IsActive__pc,vlocity_ins__IsEmployee__pc,vlocity_ins__IsPartner__pc,vlocity_ins__IsPersonAccount__pc,vlocity_ins__LanguagesSpoken__pc,vlocity_ins__LastContactbyRecordOwner__pc,vlocity_ins__Location__pc,vlocity_ins__MiddleName__pc,vlocity_ins__NPNNumber__pc,vlocity_ins__NetWorth__pc,vlocity_ins__Occupation__pc,vlocity_ins__PartnerTier__pc,vlocity_ins__PartyId__pc,vlocity_ins__PremiumYear__pc,vlocity_ins__PrimaryEmployerId__pc,vlocity_ins__PrimaryLocationAccountId__pc,vlocity_ins__ProducerNumber__pc,vlocity_ins__ProviderIdentifier__pc,vlocity_ins__ProviderIsAcceptingNewPatients__pc,vlocity_ins__SocialSecurityNumber__pc,vlocity_ins__StateOfIssuance__pc,vlocity_ins__Status__pc,vlocity_ins__TaxId__pc,vlocity_ins__TobaccoUse__pc,vlocity_ins__Type__pc,vlocity_ins__UserId__pc,vlocity_ins__WebSite__pc,vlocity_ins__DaysSinceLastContact__pc,vlocity_ins__PrimaryAgencyBrokeragePartyId__pc,vlocity_ins__UserEmployeeNumber__pc,et4ae5__HasOptedOutOfMobile__pc,et4ae5__Mobile_Country_Code__pc
001ao00000bXAWMAA4,,,Kiran Singh,Singh,Kiran,,Customer,012ao000001NOabAAG,,10 Bay Street,Toronto,ON,M5J 2S3,Canada,,,,"{""city"":""Toronto"",""country"":""Canada"",""geocodeAccuracy"":null,""latitude"":null,""longitude"":null,""postalCode"":""M5J 2S3"",""state"":""ON"",""street"":""10 Bay Street""}",22 Front Street West,Toronto,ON,M5J 1C4,Canada,,,,"{""city"":""Toronto"",""country"":""Canada"",""geocodeAccuracy"":null,""latitude"":null,""longitude"":null,""postalCode"":""M5J 1C4"",""state"":""ON"",""street"":""22 Front Street West""}",4165557410,,,/services/images/photo/001ao00000bXAWMAA4,Other,,,,005ao000002RnLFAA0,2024-06-03T19:41:00.000+0000,005ao000002RnLFAA0,2024-07-15T15:58:50.000+0000,005ao000002RnLFAA0,2024-07-15T15:58:50.000+0000,2024-10-02,2024-07-16T21:11:36.000+0000,2024-07-16T21:11:36.000+0000,,,003ao0000063khHAAQ,1,,,,,,,,,,,,,,,,,,,6471203214,,,,kiran.singh@example.com,Small Business Owner,,,,1996-05-16,,,,,,,,,,,,,,,,,,,,,,,,,,,,,,,,,2023-05-08,,,,,,,,2024-07-17,,,,,,,,,,,,,,0,0,0,155745,,0,1141300,0,1141300,,0,0,0,985555,0,509222,0,987000,,,,,,,0,,,155745,1141300,0,985555,509222,987000,0,0,100,10 Bay Street<br>Toronto ON M5J 2S3,,,,,,,,,,,,,,,,,,,,,,,,,,,,,,,,,,,,,,,,,,,,,,,0,0,415263,,,,,500,Cumulus Prime Fixed,,28 years 2 months 3 days,28.2,,"10 Bay Street<br>Toronto, ON M5J 2S3<br>Canada",,,,United States,,,,,,,,,,,,,,,,,,,,,,,,,,,,,,,,United States,English,,,0,United States,English,"22 Front Street West<br>Toronto, ON M5J 1C4<br>Canada",,,,,,,28,012ao000001NOab,,,,,,,,,,,,,,,,,,,,,,,,,,,,,,,,,,,,,,0,,,,US
001ao00000bXAWNAA4,,,Heath Axworth,Axworth,Heath,,Customer,012ao000001NOabAAG,,3640 Sacramento St,San Francisco,CA,94118,USA,37.78772,-122.45276,,"{""city"":""San Francisco"",""country"":""USA"",""geocodeAccuracy"":null,""latitude"":37.78772,""longitude"":-122.45276,""postalCode"":""94118"",""state"":""CA"",""street"":""3640 Sacramento St""}",3640 Sacramento St,San Francisco,CA,94118,USA,,,,"{""city"":""San Francisco"",""country"":""USA"",""geocodeAccuracy"":null,""latitude"":null,""longitude"":null,""postalCode"":""94118"",""state"":""CA"",""street"":""3640 Sacramento St""}",(415) 876-5544,,,/services/images/photo/001ao00000bXAWNAA4,,,,,005ao000002RnLFAA0,2024-06-03T19:41:00.000+0000,005ao000002RnLFAA0,2024-06-03T19:41:00.000+0000,005ao000002RnLFAA0,2024-06-03T19:41:00.000+0000,,,,,,003ao0000063khIAAQ,1,,,,,,,,,,,,,,,,,,,,,,,haxworth@example.com,,,,,1986-12-28,,,,,,,,,,,,,,,,,,,,,,,,,,,,,,,,,,,,,,,,,,,,,,,,,,,,,,,0,0,0,0,,,,,,,0,0,0,0,0,0,0,0,,,,,,,0,,,0,0,0,0,0,0,0,0,0,3640 Sacramento St<br>San Francisco CA 94118,FALSE,,,,,,,,,,,,,,1,,,,,,,,,,,,,,,,,,,,,,,,,,,,,,,,0,0,159753,,,,,,,,37 years 6 months 22 days,37.5,,"3640 Sacramento St<br>San Francisco, CA 94118<br>USA",,,,United States,,,,,,,,,,,,,,,,,,,,,,,,,,,,,,,,United States,English,,,0,United States,English,"3640 Sacramento St<br>San Francisco, CA 94118<br>USA",,,,,,,37,012ao000001NOab,,,,,,,,,,,,,,,,,,,,,,,,,,,,,,,,,,,,,,0,,,,US
001ao00000bXAWOAA4,,,Robert Janzen,Janzen,Robert,,Customer,012ao000001NOabAAG,,3136 Almahurst Row,La Jolla,CA,92037,USA,32.88132,-117.24487,,"{""city"":""La Jolla"",""country"":""USA"",""geocodeAccuracy"":null,""latitude"":32.88132,""longitude"":-117.24487,""postalCode"":""92037"",""state"":""CA"",""street"":""3136 Almahurst Row""}",3136 Almahurst Row,La Jolla,CA,92037,USA,,,,"{""city"":""La Jolla"",""country"":""USA"",""geocodeAccuracy"":null,""latitude"":null,""longitude"":null,""postalCode"":""92037"",""state"":""CA"",""street"":""3136 Almahurst Row""}",(858) 555-0100,(858) 555-0199,,/services/images/photo/001ao00000bXAWOAA4,,,,,005ao000002RnLFAA0,2024-06-03T19:41:00.000+0000,005ao000002RnLFAA0,2024-06-03T19:41:00.000+0000,005ao000002RnLFAA0,2024-06-03T19:41:00.000+0000,,,,,,003ao0000063khJAAQ,1,,,,,,,,,,,,,,,,,,,,,,,rjanzen@example.com,,,,,1958-05-26,,,,,,,,,,,,,,,,,,,,,,,,,,,,,,,,,,,,,,,,,,,,,,,,,,,,,,,0,0,0,0,,,,,,,0,0,0,0,0,0,0,0,,,,,,,0,,,0,0,0,0,0,0,0,0,0,3136 Almahurst Row<br>La Jolla CA 92037,FALSE,,,,,,,,,,,,,,1,,,,,,,,,,,,,,,,,,,,,,,,,,,,,,,,0,0,913731,,,,,,,,66 years 1 months 24 days,66.1,,"3136 Almahurst Row<br>La Jolla, CA 92037<br>USA",,,,United States,,,,,,,,,,,,,,,,,,,,,,,,,,,,,,,,United States,English,,,0,United States,English,"3136 Almahurst Row<br>La Jolla, CA 92037<br>USA",,,,,,,66,012ao000001NOab,,,,,,,,,,,,,,,,,,,,,,,,,,,,,,,,,,,,,,0,,,,US
001ao00000bXAWPAA4,,,Duncan Macintosh,Macintosh,Duncan,,Customer,012ao000001NOabAAG,,1909 Union St,San Francisco,CA,94123,USA,37.79755,-122.43086,,"{""city"":""San Francisco"",""country"":""USA"",""geocodeAccuracy"":null,""latitude"":37.79755,""longitude"":-122.43086,""postalCode"":""94123"",""state"":""CA"",""street"":""1909 Union St""}",1909 Union St,San Francisco,CA,94123,USA,,,,"{""city"":""San Francisco"",""country"":""USA"",""geocodeAccuracy"":null,""latitude"":null,""longitude"":null,""postalCode"":""94123"",""state"":""CA"",""street"":""1909 Union St""}",(415) 777-8888,,,/services/images/photo/001ao00000bXAWPAA4,,,,,005ao000002RnLFAA0,2024-06-03T19:41:00.000+0000,005ao000002RnLFAA0,2024-06-03T19:41:00.000+0000,005ao000002RnLFAA0,2024-06-03T19:41:00.000+0000,,,,,,003ao0000063khKAAQ,1,,,,,,,,,,,,,,,,,,,,,,,dmacintosh@example.com,,,,,1969-08-21,,,,,,,,,,,,,,,,,,,,,,,,,,,,,,,,,,,,,,,,,,,,,,,,,,,,,,,0,0,0,0,,,,,,,0,0,0,0,0,0,0,0,,,,,,,0,,,0,0,0,0,0,0,0,0,0,1909 Union St<br>San Francisco CA 94123,FALSE,,,,,,,,,,,,,,1,,,,,,,,,,,,,,,,,,,,,,,,,,,,,,,,0,0,526321,,,,,,,,54 years 10 months 29 days,54.8,,"1909 Union St<br>San Francisco, CA 94123<br>USA",,,,United States,,,,,,,,,,,,,,,,,,,,,,,,,,,,,,,,United States,English,,,0,United States,English,"1909 Union St<br>San Francisco, CA 94123<br>USA",,,,,,,54,012ao000001NOab,,,,,,,,,,,,,,,,,,,,,,,,,,,,,,,,,,,,,,0,,,,US
001ao00000bXAWQAA4,,,Lance Gonzales,Gonzales,Lance,,Prospect,012ao000001NOabAAG,,1644 N. Broadway,Walnut Creek,CA,94596,USA,37.9014,-122.06023,,"{""city"":""Walnut Creek"",""country"":""USA"",""geocodeAccuracy"":null,""latitude"":37.9014,""longitude"":-122.06023,""postalCode"":""94596"",""state"":""CA"",""street"":""1644 N. Broadway""}",1644 N. Broadway,Walnut Creek,CA,94596,USA,,,,"{""city"":""Walnut Creek"",""country"":""USA"",""geocodeAccuracy"":null,""latitude"":null,""longitude"":null,""postalCode"":""94596"",""state"":""CA"",""street"":""1644 N. Broadway""}",(925) 555-8844,,,/services/images/photo/001ao00000bXAWQAA4,,,,,005ao000002RnLFAA0,2024-06-03T19:41:00.000+0000,005ao000002RnLFAA0,2024-06-03T19:41:00.000+0000,005ao000002RnLFAA0,2024-06-03T19:41:00.000+0000,,,,,,003ao0000063khLAAQ,1,,,,,,,,,,,,,,,,,,,,,,,lgonzales@example.com,,,,,1979-03-10,,,,,,,,,,,,,,,,,,,,,,,,,,,,,,,,,,,,,,,,,,,,,,,,,,,,,,,0,0,0,0,,,,,,,0,0,0,0,0,0,0,0,,,,,,,0,,,0,0,0,0,0,0,0,0,0,1644 N. Broadway<br>Walnut Creek CA 94596,FALSE,,,,,,,,,,,,,,1,,,,,,,,,,,,,,,,,,,,,,,,,,,,,,,,0,0,635241,,,,,,,,45 years 4 months 9 days,45.3,,"1644 N. Broadway<br>Walnut Creek, CA 94596<br>USA",,,,United States,,,,,,,,,,,,,,,,,,,,,,,,,,,,,,,,United States,English,,,0,United States,English,"1644 N. Broadway<br>Walnut Creek, CA 94596<br>USA",,,,,,,45,012ao000001NOab,,,,,,,,,,,,,,,,,,,,,,,,,,,,,,,,,,,,,,0,,,,US
001ao00000bXAWRAA4,,,Mark Smith,Smith,Mark,,Prospect,012ao000001NOabAAG,,585 Franklin St,Mountain View,CA,94041,USA,37.39039,-122.08362,,"{""city"":""Mountain View"",""country"":""USA"",""geocodeAccuracy"":null,""latitude"":37.39039,""longitude"":-122.08362,""postalCode"":""94041"",""state"":""CA"",""street"":""585 Franklin St""}",585 Franklin St,Mountain View,CA,94041,USA,,,,"{""city"":""Mountain View"",""country"":""USA"",""geocodeAccuracy"":null,""latitude"":null,""longitude"":null,""postalCode"":""94041"",""state"":""CA"",""street"":""585 Franklin St""}",(650) 555-6652,,,/services/images/photo/001ao00000bXAWRAA4,,,,,005ao000002RnLFAA0,2024-06-03T19:41:00.000+0000,005ao000002RnLFAA0,2024-06-03T19:41:00.000+0000,005ao000002RnLFAA0,2024-06-03T19:41:00.000+0000,,,,,,003ao0000063khMAAQ,1,,,,,,,,,,,,,,,,,,,,,,,msmith@example.com,,,,,1964-07-06,,,,,,,,,,,,,,,,,,,,,,,,,,,,,,,,,,,,,,,,,,,,,,,,,,,,,,,0,0,0,0,,,,,,,0,0,0,0,0,0,0,0,,,,,,,0,,,0,0,0,0,0,0,0,0,0,585 Franklin St<br>Mountain View CA 94041,FALSE,,,,,,,,,,,,,,1,,,,,,,,,,,,,,,,,,,,,,,,,,,,,,,,0,0,379197,,,,,,,,60 years 0 months 13 days,60,,"585 Franklin St<br>Mountain View, CA 94041<br>USA",,,,United States,,,,,,,,,,,,,,,,,,,,,,,,,,,,,,,,United States,English,,,0,United States,English,"585 Franklin St<br>Mountain View, CA 94041<br>USA",,,,,,,60,012ao000001NOab,,,,,,,,,,,,,,,,,,,,,,,,,,,,,,,,,,,,,,0,,,,US
001ao00000bXAWSAA4,,,Gabe Hoskins,Hoskins,Gabe,,Customer,012ao000001NOabAAG,,1750 Oak Park Blvd.,Pleasant Hill,CA,94523,USA,37.93384,-122.06958,,"{""city"":""Pleasant Hill"",""country"":""USA"",""geocodeAccuracy"":null,""latitude"":37.93384,""longitude"":-122.06958,""postalCode"":""94523"",""state"":""CA"",""street"":""1750 Oak Park Blvd.""}",1750 Oak Park Blvd.,Pleasant Hill,CA,94523,USA,,,,"{""city"":""Pleasant Hill"",""country"":""USA"",""geocodeAccuracy"":null,""latitude"":null,""longitude"":null,""postalCode"":""94523"",""state"":""CA"",""street"":""1750 Oak Park Blvd.""}",(925) 855-6666,,,/services/images/photo/001ao00000bXAWSAA4,,,,,005ao000002RnLFAA0,2024-06-03T19:41:00.000+0000,005ao000002RnLFAA0,2024-06-03T19:41:00.000+0000,005ao000002RnLFAA0,2024-06-03T19:41:00.000+0000,,,,,,003ao0000063khNAAQ,1,,,,,,,,,,,,,,,,,,,,,,,ghoskins@example.com,,,,,1974-08-30,,,,,,,,,,,,,,,,,,,,,,,,,,,,,,,,,,,,,,,,,,,,,,,,,,,,,,,0,0,0,0,,,,,,,0,0,0,0,0,0,0,0,,,,,,,0,,,0,0,0,0,0,0,0,0,0,1750 Oak Park Blvd.<br>Pleasant Hill CA 94523,FALSE,,,,,,,,,,,,,,1,,,,,,,,,,,,,,,,,,,,,,,,,,,,,,,,0,0,951753,,,,,,,,49 years 10 months 20 days,49.8,,"1750 Oak Park Blvd.<br>Pleasant Hill, CA 94523<br>USA",,,,United States,,,,,,,,,,,,,,,,,,,,,,,,,,,,,,,,United States,English,,,0,United States,English,"1750 Oak Park Blvd.<br>Pleasant Hill, CA 94523<br>USA",,,,,,,49,012ao000001NOab,,,,,,,,,,,,,,,,,,,,,,,,,,,,,,,,,,,,,,0,,,,US
001ao00000bXAWTAA4,,,Robert Simpson,Simpson,Robert,,Other,012ao000001NOabAAG,,250 1st St,Woodland,CA,95695,USA,38.6791274,-121.7732739,,"{""city"":""Woodland"",""country"":""USA"",""geocodeAccuracy"":null,""latitude"":38.6791274,""longitude"":-121.7732739,""postalCode"":""95695"",""state"":""CA"",""street"":""250 1st St""}",250 1st St,Woodland,CA,95695,USA,,,,"{""city"":""Woodland"",""country"":""USA"",""geocodeAccuracy"":null,""latitude"":null,""longitude"":null,""postalCode"":""95695"",""state"":""CA"",""street"":""250 1st St""}",(530) 755-8425,,,/services/images/photo/001ao00000bXAWTAA4,,,,,005ao000002RnLFAA0,2024-06-03T19:41:00.000+0000,005ao000002RnLFAA0,2024-06-03T19:41:00.000+0000,005ao000002RnLFAA0,2024-06-03T19:41:00.000+0000,,,,,,003ao0000063khOAAQ,1,,,,,,,,,,,,,,,,,,,,,,,rsimpson@example.com,,,,,1961-11-27,,,,,,,,,,,,,,,,,,,,,,,,,,,,,,,,,,,,,,,,,,,,,,,,,,,,,,,0,0,0,0,,,,,,,0,0,0,0,0,0,0,0,,,,,,,0,,,0,0,0,0,0,0,0,0,0,250 1st St<br>Woodland CA 95695,FALSE,,,,,,,,,,,,,,1,,,,,,,,,,,,,,,,,,,,,,,,,,,,,,,,0,0,264157,,,,,,,,62 years 7 months 22 days,62.6,,"250 1st St<br>Woodland, CA 95695<br>USA",,,,United States,,,,,,,,,,,,,,,,,,,,,,,,,,,,,,,,United States,English,,,0,United States,English,"250 1st St<br>Woodland, CA 95695<br>USA",,,,,,,62,012ao000001NOab,,,,,,,,,,,,,,,,,,,,,,,,,,,,,,,,,,,,,,0,,,,US
001ao00000bXAWUAA4,,,Mike Garcia,Garcia,Mike,,Prospect,012ao000001NOabAAG,,500 Howard St,San Francisco,CA,94105,USA,37.7885,-122.39668,,"{""city"":""San Francisco"",""country"":""USA"",""geocodeAccuracy"":null,""latitude"":37.7885,""longitude"":-122.39668,""postalCode"":""94105"",""state"":""CA"",""street"":""500 Howard St""}",500 Howard St,San Francisco,CA,94105,USA,,,,"{""city"":""San Francisco"",""country"":""USA"",""geocodeAccuracy"":null,""latitude"":null,""longitude"":null,""postalCode"":""94105"",""state"":""CA"",""street"":""500 Howard St""}",(415) 555-1212,,,/services/images/photo/001ao00000bXAWUAA4,,,,,005ao000002RnLFAA0,2024-06-03T19:41:00.000+0000,005ao000002RnLFAA0,2024-06-03T19:41:00.000+0000,005ao000002RnLFAA0,2024-06-03T19:41:00.000+0000,,,,,,003ao0000063khPAAQ,1,,,,,,,,,,,,,,,,,,,,,,,mgarcia@example.com,,,,,1965-11-09,,,,,,,,,,,,,,,,,,,,,,,,,,,,,,,,,,,,,,,,,,,,,,,,,,,,,,,0,0,0,0,,,,,,,0,0,0,0,0,0,0,0,,,,,,,0,,,0,0,0,0,0,0,0,0,0,500 Howard St<br>San Francisco CA 94105,FALSE,,,,,,,,,,,,,,1,,,,,,,,,,,,,,,,,,,,,,,,,,,,,,,,0,0,367158,,,,,,,,58 years 8 months 10 days,58.7,,"500 Howard St<br>San Francisco, CA 94105<br>USA",,,,United States,,,,,,,,,,,,,,,,,,,,,,,,,,,,,,,,United States,English,,,0,United States,English,"500 Howard St<br>San Francisco, CA 94105<br>USA",,,,,,,58,012ao000001NOab,,,,,,,,,,,,,,,,,,,,,,,,,,,,,,,,,,,,,,0,,,,US
001ao00000bXAWVAA4,,,Robert Weiss,Weiss,Robert,,Customer,012ao000001NOabAAG,,2228 Kennedy Court,Cambridge,MA,2141,USA,42.37173,-71.12087,,"{""city"":""Cambridge"",""country"":""USA"",""geocodeAccuracy"":null,""latitude"":42.37173,""longitude"":-71.12087,""postalCode"":""2141"",""state"":""MA"",""street"":""2228 Kennedy Court""}",2228 Kennedy Court,Cambridge,MA,2141,USA,,,,"{""city"":""Cambridge"",""country"":""USA"",""geocodeAccuracy"":null,""latitude"":null,""longitude"":null,""postalCode"":""2141"",""state"":""MA"",""street"":""2228 Kennedy Court""}",(203) 555-2503,,,/services/images/photo/001ao00000bXAWVAA4,,,,,005ao000002RnLFAA0,2024-06-03T19:41:00.000+0000,005ao000002RnLFAA0,2024-06-03T19:41:00.000+0000,005ao000002RnLFAA0,2024-06-03T19:41:00.000+0000,,,,,,003ao0000063khQAAQ,1,,,,,,,,,,,,,,,,,,,,,,,rweiss@example.com,,,,,2075-05-02,,,,,,,,,,,,,,,,,,,,,,,,,,,,,,,,,,,,,,,,,,,,,,,,,,,,,,,0,0,0,0,,,,,,,0,0,0,0,0,0,0,0,,,,,,,0,,,0,0,0,0,0,0,0,0,0,2228 Kennedy Court<br>Cambridge MA 2141,FALSE,,,,,,,,,,,,,,1,,,,,,,,,,,,,,,,,,,,,,,,,,,,,,,,0,0,462153,,,,,,,,-51 years 2 months 17 days,-50.8,,"2228 Kennedy Court<br>Cambridge, MA 2141<br>USA",,,,United States,,,,,,,,,,,,,,,,,,,,,,,,,,,,,,,,United States,English,,,0,United States,English,"2228 Kennedy Court<br>Cambridge, MA 2141<br>USA",,,,,,,-51,012ao000001NOab,,,,,,,,,,,,,,,,,,,,,,,,,,,,,,,,,,,,,,0,,,,US
001ao00000bXAWWAA4,,,Peter Houston,Houston,Peter,,Other,012ao000001NOabAAG,,1520 W 62nd St,Cook,IL,60636,USA,41.78157,-87.66282,,"{""city"":""Cook"",""country"":""USA"",""geocodeAccuracy"":null,""latitude"":41.78157,""longitude"":-87.66282,""postalCode"":""60636"",""state"":""IL"",""street"":""1520 W 62nd St""}",1520 W 62nd St,Cook,IL,60636,USA,,,,"{""city"":""Cook"",""country"":""USA"",""geocodeAccuracy"":null,""latitude"":null,""longitude"":null,""postalCode"":""60636"",""state"":""IL"",""street"":""1520 W 62nd St""}",(415) 555-4707,(415) 555-0199,,/services/images/photo/001ao00000bXAWWAA4,,,,,005ao000002RnLFAA0,2024-06-03T19:41:00.000+0000,005ao000002RnLFAA0,2024-06-03T19:41:00.000+0000,005ao000002RnLFAA0,2024-06-03T19:41:00.000+0000,,,,,,003ao0000063khRAAQ,1,,,,,,,,,,,,,,,,,,,,,,,phouston@example.com,,,,,1957-07-04,,,,,,,,,,,,,,,,,,,,,,,,,,,,,,,,,,,,,,,,,,,,,,,,,,,,,,,0,0,0,0,,,,,,,0,0,0,0,0,0,0,0,,,,,,,0,,,0,0,0,0,0,0,0,0,0,1520 W 62nd St<br>Cook IL 60636,FALSE,,,,,,,,,,,,,,1,,,,,,,,,,,,,,,,,,,,,,,,,,,,,,,,0,0,624852,,,,,,,,67 years 0 months 15 days,67,,"1520 W 62nd St<br>Cook, IL 60636<br>USA",,,,United States,,,,,,,,,,,,,,,,,,,,,,,,,,,,,,,,United States,English,,,0,United States,English,"1520 W 62nd St<br>Cook, IL 60636<br>USA",,,,,,,67,012ao000001NOab,,,,,,,,,,,,,,,,,,,,,,,,,,,,,,,,,,,,,,0,,,,US
001ao00000bXAWXAA4,,,Troy Bullock,Bullock,Troy,,Other,012ao000001NOabAAG,,2708 Chilton Pl,Charlotte,NC,28207,USA,35.1801751,-80.8305344,,"{""city"":""Charlotte"",""country"":""USA"",""geocodeAccuracy"":null,""latitude"":35.1801751,""longitude"":-80.8305344,""postalCode"":""28207"",""state"":""NC"",""street"":""2708 Chilton Pl""}",2708 Chilton Pl,Charlotte,NC,28207,USA,,,,"{""city"":""Charlotte"",""country"":""USA"",""geocodeAccuracy"":null,""latitude"":null,""longitude"":null,""postalCode"":""28207"",""state"":""NC"",""street"":""2708 Chilton Pl""}",(704) 555-7526,(704) 555-0199,,/services/images/photo/001ao00000bXAWXAA4,,,,,005ao000002RnLFAA0,2024-06-03T19:41:00.000+0000,005ao000002RnLFAA0,2024-06-03T19:41:00.000+0000,005ao000002RnLFAA0,2024-06-03T19:41:00.000+0000,,,,,,003ao0000063khSAAQ,1,,,,,,,,,,,,,,,,,,,,,,,tbullock@example.com,,,,,1964-09-24,,,,,,,,,,,,,,,,,,,,,,,,,,,,,,,,,,,,,,,,,,,,,,,,,,,,,,,0,0,0,0,,,,,,,0,0,0,0,0,0,0,0,,,,,,,0,,,0,0,0,0,0,0,0,0,0,2708 Chilton Pl<br>Charlotte NC 28207,FALSE,,,,,,,,,,,,,,1,,,,,,,,,,,,,,,,,,,,,,,,,,,,,,,,0,0,415635,,,,,,,,59 years 9 months 25 days,59.8,,"2708 Chilton Pl<br>Charlotte, NC 28207<br>USA",,,,United States,,,,,,,,,,,,,,,,,,,,,,,,,,,,,,,,United States,English,,,0,United States,English,"2708 Chilton Pl<br>Charlotte, NC 28207<br>USA",,,,,,,59,012ao000001NOab,,,,,,,,,,,,,,,,,,,,,,,,,,,,,,,,,,,,,,0,,,,US
001ao00000bXAWYAA4,,,Larry Baxter,Baxter,Larry,,Other,012ao000001NOabAAG,,1351 Palisades Beach Road,Santa Monica,CA,90401,USA,34.01365,-118.49912,,"{""city"":""Santa Monica"",""country"":""USA"",""geocodeAccuracy"":null,""latitude"":34.01365,""longitude"":-118.49912,""postalCode"":""90401"",""state"":""CA"",""street"":""1351 Palisades Beach Road""}",1351 Palisades Beach Road,Santa Monica,CA,90401,USA,,,,"{""city"":""Santa Monica"",""country"":""USA"",""geocodeAccuracy"":null,""latitude"":null,""longitude"":null,""postalCode"":""90401"",""state"":""CA"",""street"":""1351 Palisades Beach Road""}",+13105550100,(310) 555-0122,,/services/images/photo/001ao00000bXAWYAA4,,,,,005ao000002RnLFAA0,2024-06-03T19:41:00.000+0000,005ao000002RnLFAA0,2024-06-03T19:41:00.000+0000,005ao000002RnLFAA0,2024-06-03T19:41:00.000+0000,,,,,,003ao0000063khTAAQ,1,,,,,,,,,,,,,,,,,,,,,,,lbaxter@example.com,,,,,1989-11-09,,,,,,,,,,,,,,,,,,,,,,,,,,,,,,,,,,,,,,,,,,,,,,,,,,,,,,,0,0,0,0,,,,,,,0,0,0,0,0,0,0,0,,,,,,,0,,,0,0,0,0,0,0,0,0,0,1351 Palisades Beach Road<br>Santa Monica CA 90401,FALSE,,,,,,,,,,,,,,1,,,,,,,,,,,,,,,,,,,,,,,,,,,,,,,,0,0,264153,,,,,,,,34 years 8 months 10 days,34.7,,"1351 Palisades Beach Road<br>Santa Monica, CA 90401<br>USA",,,,United States,,,,,,,,,,,,,,,,,,,,,,,,,,,,,,,,United States,English,,,0,United States,English,"1351 Palisades Beach Road<br>Santa Monica, CA 90401<br>USA",,,,,,,34,012ao000001NOab,,,,,,,,,,,,,,,,,,,,,,,,,,,,,,,,,,,,,,0,,,,US
001ao00000bXAWZAA4,,,Mike Malmin,Malmin,Mike,,Other,012ao000001NOabAAG,,6452 Knyghton Rd,Indianapolis,IN,46220,USA,39.87433,-86.0738,,"{""city"":""Indianapolis"",""country"":""USA"",""geocodeAccuracy"":null,""latitude"":39.87433,""longitude"":-86.0738,""postalCode"":""46220"",""state"":""IN"",""street"":""6452 Knyghton Rd""}",6452 Knyghton Rd,Indianapolis,IN,46220,USA,,,,"{""city"":""Indianapolis"",""country"":""USA"",""geocodeAccuracy"":null,""latitude"":null,""longitude"":null,""postalCode"":""46220"",""state"":""IN"",""street"":""6452 Knyghton Rd""}",(317) 555-6312,(317) 555-0199,,/services/images/photo/001ao00000bXAWZAA4,,,,,005ao000002RnLFAA0,2024-06-03T19:41:00.000+0000,005ao000002RnLFAA0,2024-06-03T19:41:00.000+0000,005ao000002RnLFAA0,2024-06-03T19:41:00.000+0000,,,,,,003ao0000063khUAAQ,1,,,,,,,,,,,,,,,,,,,,,,,mmalmin@example.com,,,,,1968-09-14,,,,,,,,,,,,,,,,,,,,,,,,,,,,,,,,,,,,,,,,,,,,,,,,,,,,,,,0,0,0,0,,,,,,,0,0,0,0,0,0,0,0,,,,,,,0,,,0,0,0,0,0,0,0,0,0,6452 Knyghton Rd<br>Indianapolis IN 46220,FALSE,,,,,,,,,,,,,,1,,,,,,,,,,,,,,,,,,,,,,,,,,,,,,,,0,0,367952,,,,,,,,55 years 10 months 5 days,55.8,,"6452 Knyghton Rd<br>Indianapolis, IN 46220<br>USA",,,,United States,,,,,,,,,,,,,,,,,,,,,,,,,,,,,,,,United States,English,,,0,United States,English,"6452 Knyghton Rd<br>Indianapolis, IN 46220<br>USA",,,,,,,55,012ao000001NOab,,,,,,,,,,,,,,,,,,,,,,,,,,,,,,,,,,,,,,0,,,,US
001ao00000bXAWaAAO,,,Kari Rende,Rende,Kari,,Other,012ao000001NOabAAG,,245 W Winthrop Ave,Elmhurst,IL,60126,USA,41.89274,-87.94689,,"{""city"":""Elmhurst"",""country"":""USA"",""geocodeAccuracy"":null,""latitude"":41.89274,""longitude"":-87.94689,""postalCode"":""60126"",""state"":""IL"",""street"":""245 W Winthrop Ave""}",245 W Winthrop Ave,Elmhurst,IL,60126,USA,,,,"{""city"":""Elmhurst"",""country"":""USA"",""geocodeAccuracy"":null,""latitude"":null,""longitude"":null,""postalCode"":""60126"",""state"":""IL"",""street"":""245 W Winthrop Ave""}",(630) 555-4403,(630) 555-0199,,/services/images/photo/001ao00000bXAWaAAO,,,,,005ao000002RnLFAA0,2024-06-03T19:41:00.000+0000,005ao000002RnLFAA0,2024-06-03T19:41:00.000+0000,005ao000002RnLFAA0,2024-06-03T19:41:00.000+0000,,,,,,003ao0000063khVAAQ,1,,,,,,,,,,,,,,,,,,,,,,,krende@example.com,,,,,1982-06-13,,,,,,,,,,,,,,,,,,,,,,,,,,,,,,,,,,,,,,,,,,,,,,,,,,,,,,,0,0,0,0,,,,,,,0,0,0,0,0,0,0,0,,,,,,,0,,,0,0,0,0,0,0,0,0,0,245 W Winthrop Ave<br>Elmhurst IL 60126,FALSE,,,,,,,,,,,,,,1,,,,,,,,,,,,,,,,,,,,,,,,,,,,,,,,0,0,582963,,,,,,,,42 years 1 months 6 days,42.1,,"245 W Winthrop Ave<br>Elmhurst, IL 60126<br>USA",,,,United States,,,,,,,,,,,,,,,,,,,,,,,,,,,,,,,,United States,English,,,0,United States,English,"245 W Winthrop Ave<br>Elmhurst, IL 60126<br>USA",,,,,,,42,012ao000001NOab,,,,,,,,,,,,,,,,,,,,,,,,,,,,,,,,,,,,,,0,,,,US
001ao00000bXAWbAAO,,,Jon Allegri,Allegri,Jon,,Customer,012ao000001NOabAAG,,5823 Bowen Daniel Dr,Tampa,FL,33616,USA,27.88345,-82.52851,,"{""city"":""Tampa"",""country"":""USA"",""geocodeAccuracy"":null,""latitude"":27.88345,""longitude"":-82.52851,""postalCode"":""33616"",""state"":""FL"",""street"":""5823 Bowen Daniel Dr""}",5823 Bowen Daniel Dr,Tampa,FL,33616,USA,,,,"{""city"":""Tampa"",""country"":""USA"",""geocodeAccuracy"":null,""latitude"":null,""longitude"":null,""postalCode"":""33616"",""state"":""FL"",""street"":""5823 Bowen Daniel Dr""}",(813) 555-5220,(813) 555-0199,,/services/images/photo/001ao00000bXAWbAAO,,,,,005ao000002RnLFAA0,2024-06-03T19:41:00.000+0000,005ao000002RnLFAA0,2024-06-03T19:41:00.000+0000,005ao000002RnLFAA0,2024-06-03T19:41:00.000+0000,,,,,,003ao0000063khWAAQ,1,,,,,,,,,,,,,,,,,,,,,,,jallegri@example.com,,,,,1976-04-16,,,,,,,,,,,,,,,,,,,,,,,,,,,,,,,,,,,,,,,,,,,,,,,,,,,,,,,0,0,0,0,,,,,,,0,0,0,0,0,0,0,0,,,,,,,0,,,0,0,0,0,0,0,0,0,0,5823 Bowen Daniel Dr<br>Tampa FL 33616,FALSE,,,,,,,,,,,,,,1,,,,,,,,,,,,,,,,,,,,,,,,,,,,,,,,0,0,369852,,,,,,,,48 years 3 months 3 days,48.3,,"5823 Bowen Daniel Dr<br>Tampa, FL 33616<br>USA",,,,United States,,,,,,,,,,,,,,,,,,,,,,,,,,,,,,,,United States,English,,,0,United States,English,"5823 Bowen Daniel Dr<br>Tampa, FL 33616<br>USA",,,,,,,48,012ao000001NOab,,,,,,,,,,,,,,,,,,,,,,,,,,,,,,,,,,,,,,0,,,,US
001ao00000bXAWcAAO,,,Niki Sullivan,Sullivan,Niki,,Prospect,012ao000001NOabAAG,,216 Lindy Dr,Las Vegas,NV,89107,USA,36.1707591,-115.2375049,,"{""city"":""Las Vegas"",""country"":""USA"",""geocodeAccuracy"":null,""latitude"":36.1707591,""longitude"":-115.2375049,""postalCode"":""89107"",""state"":""NV"",""street"":""216 Lindy Dr""}",216 Lindy Dr,Las Vegas,NV,89107,USA,,,,"{""city"":""Las Vegas"",""country"":""USA"",""geocodeAccuracy"":null,""latitude"":null,""longitude"":null,""postalCode"":""89107"",""state"":""NV"",""street"":""216 Lindy Dr""}",(702) 555-3769,(702) 555-0199,,/services/images/photo/001ao00000bXAWcAAO,,,,,005ao000002RnLFAA0,2024-06-03T19:41:00.000+0000,005ao000002RnLFAA0,2024-06-03T19:41:00.000+0000,005ao000002RnLFAA0,2024-06-03T19:41:00.000+0000,,,,,,003ao0000063khXAAQ,1,,,,,,,,,,,,,,,,,,,,,,,nsullivan@example.com,,,,,1973-02-13,,,,,,,,,,,,,,,,,,,,,,,,,,,,,,,,,,,,,,,,,,,,,,,,,,,,,,,0,0,0,0,,,,,,,0,0,0,0,0,0,0,0,,,,,,,0,,,0,0,0,0,0,0,0,0,0,216 Lindy Dr<br>Las Vegas NV 89107,FALSE,,,,,,,,,,,,,,1,,,,,,,,,,,,,,,,,,,,,,,,,,,,,,,,0,0,461346,,,,,,,,51 years 5 months 6 days,51.4,,"216 Lindy Dr<br>Las Vegas, NV 89107<br>USA",,,,United States,,,,,,,,,,,,,,,,,,,,,,,,,,,,,,,,United States,English,,,0,United States,English,"216 Lindy Dr<br>Las Vegas, NV 89107<br>USA",,,,,,,51,012ao000001NOab,,,,,,,,,,,,,,,,,,,,,,,,,,,,,,,,,,,,,,0,,,,US
001ao00000bXAWdAAO,,,Chip Colli,Colli,Chip,,Prospect,012ao000001NOabAAG,,2115 1st Ave W.,Seattle,WA,98119,USA,47.63773,-122.35862,,"{""city"":""Seattle"",""country"":""USA"",""geocodeAccuracy"":null,""latitude"":47.63773,""longitude"":-122.35862,""postalCode"":""98119"",""state"":""WA"",""street"":""2115 1st Ave W.""}",2115 1st Ave W.,Seattle,WA,98119,USA,,,,"{""city"":""Seattle"",""country"":""USA"",""geocodeAccuracy"":null,""latitude"":null,""longitude"":null,""postalCode"":""98119"",""state"":""WA"",""street"":""2115 1st Ave W.""}",(206) 555-7855,(206) 555-0199,,/services/images/photo/001ao00000bXAWdAAO,,,,,005ao000002RnLFAA0,2024-06-03T19:41:00.000+0000,005ao000002RnLFAA0,2024-06-03T19:41:00.000+0000,005ao000002RnLFAA0,2024-06-03T19:41:00.000+0000,,,,,,003ao0000063khYAAQ,1,,,,,,,,,,,,,,,,,,,,,,,ccolli@example.com,,,,,1974-07-07,,,,,,,,,,,,,,,,,,,,,,,,,,,,,,,,,,,,,,,,,,,,,,,,,,,,,,,0,0,0,0,,,,,,,0,0,0,0,0,0,0,0,,,,,,,0,,,0,0,0,0,0,0,0,0,0,2115 1st Ave W.<br>Seattle WA 98119,FALSE,,,,,,,,,,,,,,1,,,,,,,,,,,,,,,,,,,,,,,,,,,,,,,,0,0,432101,,,,,,,,50 years 0 months 12 days,50,,"2115 1st Ave W.<br>Seattle, WA 98119<br>USA",,,,United States,,,,,,,,,,,,,,,,,,,,,,,,,,,,,,,,United States,English,,,0,United States,English,"2115 1st Ave W.<br>Seattle, WA 98119<br>USA",,,,,,,50,012ao000001NOab,,,,,,,,,,,,,,,,,,,,,,,,,,,,,,,,,,,,,,0,,,,US
001ao00000bXAWeAAO,,,Bob Warkentine,Warkentine,Bob,,Customer,012ao000001NOabAAG,,828 7th Ave # 11F,New York,NY,10019,USA,40.76349,-73.98174,,"{""city"":""New York"",""country"":""USA"",""geocodeAccuracy"":null,""latitude"":40.76349,""longitude"":-73.98174,""postalCode"":""10019"",""state"":""NY"",""street"":""828 7th Ave # 11F""}",828 7th Ave # 11F,New York,NY,10019,USA,,,,"{""city"":""New York"",""country"":""USA"",""geocodeAccuracy"":null,""latitude"":null,""longitude"":null,""postalCode"":""10019"",""state"":""NY"",""street"":""828 7th Ave # 11F""}",(646) 555-2296,(646) 555-0199,,/services/images/photo/001ao00000bXAWeAAO,,,,,005ao000002RnLFAA0,2024-06-03T19:41:00.000+0000,005ao000002RnLFAA0,2024-06-03T19:41:00.000+0000,005ao000002RnLFAA0,2024-06-03T19:41:00.000+0000,,,,,,003ao0000063khZAAQ,1,,,,,,,,,,,,,,,,,,,,,,,bwarkentine@example.com,,,,,1960-03-02,,,,,,,,,,,,,,,,,,,,,,,,,,,,,,,,,,,,,,,,,,,,,,,,,,,,,,,0,0,0,0,,,,,,,0,0,0,0,0,0,0,0,,,,,,,0,,,0,0,0,0,0,0,0,0,0,828 7th Ave # 11F<br>New York NY 10019,FALSE,,,,,,,,,,,,,,1,,,,,,,,,,,,,,,,,,,,,,,,,,,,,,,,0,0,234567,,,,,,,,64 years 4 months 17 days,64.3,,"828 7th Ave # 11F<br>New York, NY 10019<br>USA",,,,United States,,,,,,,,,,,,,,,,,,,,,,,,,,,,,,,,United States,English,,,0,United States,English,"828 7th Ave # 11F<br>New York, NY 10019<br>USA",,,,,,,64,012ao000001NOab,,,,,,,,,,,,,,,,,,,,,,,,,,,,,,,,,,,,,,0,,,,US
001ao00000bXAWfAAO,,,Steve Sutherland,Sutherland,Steve,,Customer,012ao000001NOabAAG,,851 Jenifer St,Madison,WI,53703,USA,43.07854,-89.3688,,"{""city"":""Madison"",""country"":""USA"",""geocodeAccuracy"":null,""latitude"":43.07854,""longitude"":-89.3688,""postalCode"":""53703"",""state"":""WI"",""street"":""851 Jenifer St""}",851 Jenifer St,Madison,WI,53703,USA,,,,"{""city"":""Madison"",""country"":""USA"",""geocodeAccuracy"":null,""latitude"":null,""longitude"":null,""postalCode"":""53703"",""state"":""WI"",""street"":""851 Jenifer St""}",(608) 555-3399,(608) 555-0199,,/services/images/photo/001ao00000bXAWfAAO,,,,,005ao000002RnLFAA0,2024-06-03T19:41:00.000+0000,005ao000002RnLFAA0,2024-06-03T19:41:00.000+0000,005ao000002RnLFAA0,2024-06-03T19:41:00.000+0000,,,,,,003ao0000063khaAAA,1,,,,,,,,,,,,,,,,,,,,,,,ssutherland@example.com,,,,,1986-08-05,,,,,,,,,,,,,,,,,,,,,,,,,,,,,,,,,,,,,,,,,,,,,,,,,,,,,,,0,0,0,0,,,,,,,0,0,0,0,0,0,0,0,,,,,,,0,,,0,0,0,0,0,0,0,0,0,851 Jenifer St<br>Madison WI 53703,FALSE,,,,,,,,,,,,,,1,,,,,,,,,,,,,,,,,,,,,,,,,,,,,,,,0,0,623153,,,,,,,,37 years 11 months 14 days,37.9,,"851 Jenifer St<br>Madison, WI 53703<br>USA",,,,United States,,,,,,,,,,,,,,,,,,,,,,,,,,,,,,,,United States,English,,,0,United States,English,"851 Jenifer St<br>Madison, WI 53703<br>USA",,,,,,,37,012ao000001NOab,,,,,,,,,,,,,,,,,,,,,,,,,,,,,,,,,,,,,,0,,,,US
001ao00000bXAWgAAO,,,Benjamin Young,Young,Benjamin,,Other,012ao000001NOabAAG,,13715 Lakeshore Way Cv,Houston,TX,77077,USA,29.75287,-95.631,,"{""city"":""Houston"",""country"":""USA"",""geocodeAccuracy"":null,""latitude"":29.75287,""longitude"":-95.631,""postalCode"":""77077"",""state"":""TX"",""street"":""13715 Lakeshore Way Cv""}",13715 Lakeshore Way Cv,Houston,TX,77077,USA,,,,"{""city"":""Houston"",""country"":""USA"",""geocodeAccuracy"":null,""latitude"":null,""longitude"":null,""postalCode"":""77077"",""state"":""TX"",""street"":""13715 Lakeshore Way Cv""}",(713) 555-2977,(713) 555-0199,,/services/images/photo/001ao00000bXAWgAAO,,,,,005ao000002RnLFAA0,2024-06-03T19:41:00.000+0000,005ao000002RnLFAA0,2024-06-03T19:41:00.000+0000,005ao000002RnLFAA0,2024-06-03T19:41:00.000+0000,,2024-06-05T18:47:24.000+0000,2024-06-05T18:47:24.000+0000,,,003ao0000063khbAAA,1,,,,,,,,,,,,,,,,,,,,,,,byoung@example.com,,,,,1962-05-22,,,,,,,,,,,,,,,,,,,,,,,,,,,,,,,,,,,,,,,,,,,,,,,,,,,,,,,0,0,0,0,,,,,,,0,0,0,0,0,0,0,0,,,,,,,0,,,0,0,0,0,0,0,0,0,0,13715 Lakeshore Way Cv<br>Houston TX 77077,FALSE,,,,,,,,,,,,,,1,,,,,,,,,,,,,,,,,,,,,,,,,,,,,,,,0,0,123456,,,,,,,,62 years 1 months 28 days,62.1,,"13715 Lakeshore Way Cv<br>Houston, TX 77077<br>USA",,,,United States,,,,,,,,,,,,,,,,,,,,,,,,,,,,,,,,United States,English,,,0,United States,English,"13715 Lakeshore Way Cv<br>Houston, TX 77077<br>USA",,,,,,,62,012ao000001NOab,,,,,,,,,,,,,,,,,,,,,,,,,,,,,,,,,,,,,,0,,,,US
001ao00000bXAWhAAO,,,Nicole Grace,Grace,Nicole,,Prospect,012ao000001NOabAAG,,1839 Faifield Beach Rd,Fairfield,CT,6824,USA,41.14015,-73.2425,,"{""city"":""Fairfield"",""country"":""USA"",""geocodeAccuracy"":null,""latitude"":41.14015,""longitude"":-73.2425,""postalCode"":""6824"",""state"":""CT"",""street"":""1839 Faifield Beach Rd""}",1839 Faifield Beach Rd,Fairfield,CT,6824,USA,,,,"{""city"":""Fairfield"",""country"":""USA"",""geocodeAccuracy"":null,""latitude"":null,""longitude"":null,""postalCode"":""6824"",""state"":""CT"",""street"":""1839 Faifield Beach Rd""}",(203) 555-2801,(203) 555-0199,,/services/images/photo/001ao00000bXAWhAAO,,,,,005ao000002RnLFAA0,2024-06-03T19:41:00.000+0000,005ao000002RnLFAA0,2024-06-03T19:41:00.000+0000,005ao000002RnLFAA0,2024-06-03T19:41:00.000+0000,,,,,,003ao0000063khcAAA,1,,,,,,,,,,,,,,,,,,,,,,,ngrace@example.com,,,,,1976-06-12,,,,,,,,,,,,,,,,,,,,,,,,,,,,,,,,,,,,,,,,,,,,,,,,,,,,,,,0,0,0,0,,,,,,,0,0,0,0,0,0,0,0,,,,,,,0,,,0,0,0,0,0,0,0,0,0,1839 Faifield Beach Rd<br>Fairfield CT 6824,FALSE,,,,,,,,,,,,,,1,,,,,,,,,,,,,,,,,,,,,,,,,,,,,,,,0,0,167437,,,,,,,,48 years 1 months 7 days,48.1,,"1839 Faifield Beach Rd<br>Fairfield, CT 6824<br>USA",,,,United States,,,,,,,,,,,,,,,,,,,,,,,,,,,,,,,,United States,English,,,0,United States,English,"1839 Faifield Beach Rd<br>Fairfield, CT 6824<br>USA",,,,,,,48,012ao000001NOab,,,,,,,,,,,,,,,,,,,,,,,,,,,,,,,,,,,,,,0,,,,US
001ao00000bXAWiAAO,,,Tammy Baxter,Baxter,Tammy,,Prospect,012ao000001NOabAAG,,2350 Jones St.,San Francisco,CA,94113,USA,37.80311,-122.41623,,"{""city"":""San Francisco"",""country"":""USA"",""geocodeAccuracy"":null,""latitude"":37.80311,""longitude"":-122.41623,""postalCode"":""94113"",""state"":""CA"",""street"":""2350 Jones St.""}",2350 Jones St.,San Francisco,CA,94113,USA,,,,"{""city"":""San Francisco"",""country"":""USA"",""geocodeAccuracy"":null,""latitude"":null,""longitude"":null,""postalCode"":""94113"",""state"":""CA"",""street"":""2350 Jones St.""}",(415) 555-3930,(415) 555-0199,,/services/images/photo/001ao00000bXAWiAAO,,,,,005ao000002RnLFAA0,2024-06-03T19:41:00.000+0000,005ao000002RnLFAA0,2024-06-03T19:41:00.000+0000,005ao000002RnLFAA0,2024-06-03T19:41:00.000+0000,,,,,,003ao0000063khdAAA,1,,,,,,,,,,,,,,,,,,,,,,,tbaxter@example.com,,,,,1970-03-11,,,,,,,,,,,,,,,,,,,,,,,,,,,,,,,,,,,,,,,,,,,,,,,,,,,,,,,0,0,0,0,,,,,,,0,0,0,0,0,0,0,0,,,,,,,0,,,0,0,0,0,0,0,0,0,0,2350 Jones St.<br>San Francisco CA 94113,FALSE,,,,,,,,,,,,,,1,,,,,,,,,,,,,,,,,,,,,,,,,,,,,,,,0,0,85274,,,,,,,,54 years 4 months 8 days,54.3,,"2350 Jones St.<br>San Francisco, CA 94113<br>USA",,,,United States,,,,,,,,,,,,,,,,,,,,,,,,,,,,,,,,United States,English,,,0,United States,English,"2350 Jones St.<br>San Francisco, CA 94113<br>USA",,,,,,,54,012ao000001NOab,,,,,,,,,,,,,,,,,,,,,,,,,,,,,,,,,,,,,,0,,,,US
001ao00000bXAWjAAO,,,Russell Hartman,Hartman,Russell,,Prospect,012ao000001NOabAAG,,5801 College Ave,Oakland,CA,94618,USA,37.84627,-122.25216,,"{""city"":""Oakland"",""country"":""USA"",""geocodeAccuracy"":null,""latitude"":37.84627,""longitude"":-122.25216,""postalCode"":""94618"",""state"":""CA"",""street"":""5801 College Ave""}",5801 College Ave,Oakland,CA,94618,USA,,,,"{""city"":""Oakland"",""country"":""USA"",""geocodeAccuracy"":null,""latitude"":null,""longitude"":null,""postalCode"":""94618"",""state"":""CA"",""street"":""5801 College Ave""}",(510) 555-5500,,,/services/images/photo/001ao00000bXAWjAAO,,,,,005ao000002RnLFAA0,2024-06-03T19:41:00.000+0000,005ao000002RnLFAA0,2024-06-03T19:41:00.000+0000,005ao000002RnLFAA0,2024-06-03T19:41:00.000+0000,,,,,,003ao0000063kheAAA,1,,,,,,,,,,,,,,,,,,,,,,,whardin@example.com,,,,,1981-12-21,,,,,,,,,,,,,,,,,,,,,,,,,,,,,,,,,,,,,,,,,,,,,,,,,,,,,,,0,0,0,0,,,,,,,0,0,0,0,0,0,0,0,,,,,,,0,,,0,0,0,0,0,0,0,0,0,5801 College Ave<br>Oakland CA 94618,FALSE,,,,,,,,,,,,,,1,,,,,,,,,,,,,,,,,,,,,,,,,,,,,,,,0,0,852963,,,,,,,,42 years 6 months 29 days,42.5,,"5801 College Ave<br>Oakland, CA 94618<br>USA",,,,United States,,,,,,,,,,,,,,,,,,,,,,,,,,,,,,,,United States,English,,,0,United States,English,"5801 College Ave<br>Oakland, CA 94618<br>USA",,,,,,,42,012ao000001NOab,,,,,,,,,,,,,,,,,,,,,,,,,,,,,,,,,,,,,,0,,,,US
001ao00000bXAWkAAO,,,Mike Welch,Welch,Mike,,Prospect,012ao000001NOabAAG,,807 Telegraph Ave,Oakland,CA,94612,USA,37.81405,-122.26844,,"{""city"":""Oakland"",""country"":""USA"",""geocodeAccuracy"":null,""latitude"":37.81405,""longitude"":-122.26844,""postalCode"":""94612"",""state"":""CA"",""street"":""807 Telegraph Ave""}",807 Telegraph Ave,Oakland,CA,94612,USA,,,,"{""city"":""Oakland"",""country"":""USA"",""geocodeAccuracy"":null,""latitude"":null,""longitude"":null,""postalCode"":""94612"",""state"":""CA"",""street"":""807 Telegraph Ave""}",(510) 555-0058,,,/services/images/photo/001ao00000bXAWkAAO,,,,,005ao000002RnLFAA0,2024-06-03T19:41:00.000+0000,005ao000002RnLFAA0,2024-06-03T19:41:00.000+0000,005ao000002RnLFAA0,2024-06-03T19:41:00.000+0000,2024-05-14,,,,,003ao0000063khfAAA,1,,,,,,,,,,,,,,,,,,,,,,,mwelch@example.com,,,,,1967-07-24,,,,,,,,,,,,,,,,,,,,,,,,,,,,,,,,,,,,,,,,,,,,,,,,,,,,,,,0,0,0,0,,,,,,,0,0,0,0,0,0,0,0,,,,,,,0,,,0,0,0,0,0,0,0,0,0,807 Telegraph Ave<br>Oakland CA 94612,FALSE,,,,,,,,,,,,,,1,,,,,,,,,,,,,,,,,,,,,,,,,,,,,,,,0,0,379579,,,,,,,,56 years 11 months 26 days,56.9,,"807 Telegraph Ave<br>Oakland, CA 94612<br>USA",,,,United States,,,,,,,,,,,,,,,,,,,,,,,,,,,,,,,,United States,English,,,0,United States,English,"807 Telegraph Ave<br>Oakland, CA 94612<br>USA",,,,,,,56,012ao000001NOab,,,,,,,,,,,,,,,,,,,,,,,,,,,,,,,,,,,,,,0,,,,US
001ao00000bXAWlAAO,,,Karen Wells,Wells,Karen,,Prospect,012ao000001NOabAAG,,1700 E Bayshore Rd,East Palo Alto,CA,94303,USA,37.4606639,-122.1383587,,"{""city"":""East Palo Alto"",""country"":""USA"",""geocodeAccuracy"":null,""latitude"":37.4606639,""longitude"":-122.1383587,""postalCode"":""94303"",""state"":""CA"",""street"":""1700 E Bayshore Rd""}",1700 E Bayshore Rd,East Palo Alto,CA,94303,USA,,,,"{""city"":""East Palo Alto"",""country"":""USA"",""geocodeAccuracy"":null,""latitude"":null,""longitude"":null,""postalCode"":""94303"",""state"":""CA"",""street"":""1700 E Bayshore Rd""}",(650) 846-4455,,,/services/images/photo/001ao00000bXAWlAAO,,,,,005ao000002RnLFAA0,2024-06-03T19:41:00.000+0000,005ao000002RnLFAA0,2024-06-03T19:41:00.000+0000,005ao000002RnLFAA0,2024-06-03T19:41:00.000+0000,,,,,,003ao0000063khgAAA,1,,,,,,,,,,,,,,,,,,,,,,,kwells@example.com,,,,,1974-03-06,,,,,,,,,,,,,,,,,,,,,,,,,,,,,,,,,,,,,,,,,,,,,,,,,,,,,,,0,0,0,0,,,,,,,0,0,0,0,0,0,0,0,,,,,,,0,,,0,0,0,0,0,0,0,0,0,1700 E Bayshore Rd<br>East Palo Alto CA 94303,FALSE,,,,,,,,,,,,,,1,,,,,,,,,,,,,,,,,,,,,,,,,,,,,,,,0,0,489657,,,,,,,,50 years 4 months 13 days,50.3,,"1700 E Bayshore Rd<br>East Palo Alto, CA 94303<br>USA",,,,United States,,,,,,,,,,,,,,,,,,,,,,,,,,,,,,,,United States,English,,,0,United States,English,"1700 E Bayshore Rd<br>East Palo Alto, CA 94303<br>USA",,,,,,,50,012ao000001NOab,,,,,,,,,,,,,,,,,,,,,,,,,,,,,,,,,,,,,,0,,,,US
001ao00000bXAWmAAO,,,Mina Passini,Passini,Mina,,Other,012ao000001NOabAAG,,598 Haight St,San Francisco,CA,94117,USA,37.77215,-122.43197,,"{""city"":""San Francisco"",""country"":""USA"",""geocodeAccuracy"":null,""latitude"":37.77215,""longitude"":-122.43197,""postalCode"":""94117"",""state"":""CA"",""street"":""598 Haight St""}",598 Haight St,San Francisco,CA,94117,USA,,,,"{""city"":""San Francisco"",""country"":""USA"",""geocodeAccuracy"":null,""latitude"":null,""longitude"":null,""postalCode"":""94117"",""state"":""CA"",""street"":""598 Haight St""}",(415) 555-1414,,,/services/images/photo/001ao00000bXAWmAAO,,,,,005ao000002RnLFAA0,2024-06-03T19:41:00.000+0000,005ao000002RnLFAA0,2024-06-03T19:41:00.000+0000,005ao000002RnLFAA0,2024-06-03T19:41:00.000+0000,,,,,,003ao0000063khhAAA,1,,,,,,,,,,,,,,,,,,,,,,,mpassini@example.com,,,,,1989-07-17,,,,,,,,,,,,,,,,,,,,,,,,,,,,,,,,,,,,,,,,,,,,,,,,,,,,,,,0,0,0,0,,,,,,,0,0,0,0,0,0,0,0,,,,,,,0,,,0,0,0,0,0,0,0,0,0,598 Haight St<br>San Francisco CA 94117,FALSE,,,,,,,,,,,,,,1,,,,,,,,,,,,,,,,,,,,,,,,,,,,,,,,0,0,491784,,,,,,,,35 years 0 months 2 days,35,,"598 Haight St<br>San Francisco, CA 94117<br>USA",,,,United States,,,,,,,,,,,,,,,,,,,,,,,,,,,,,,,,United States,English,,,0,United States,English,"598 Haight St<br>San Francisco, CA 94117<br>USA",,,,,,,35,012ao000001NOab,,,,,,,,,,,,,,,,,,,,,,,,,,,,,,,,,,,,,,0,,,,US
001ao00000bXAWnAAO,,,Stacy McNeil,McNeil,Stacy,,Other,012ao000001NOabAAG,,315 E. 14th St.,Davis,CA,95616,USA,38.55645,-121.74693,,"{""city"":""Davis"",""country"":""USA"",""geocodeAccuracy"":null,""latitude"":38.55645,""longitude"":-121.74693,""postalCode"":""95616"",""state"":""CA"",""street"":""315 E. 14th St.""}",315 E. 14th Street,Davis,CA,95616,USA,,,,"{""city"":""Davis"",""country"":""USA"",""geocodeAccuracy"":null,""latitude"":null,""longitude"":null,""postalCode"":""95616"",""state"":""CA"",""street"":""315 E. 14th Street""}",(530) 555-8870,,,/services/images/photo/001ao00000bXAWnAAO,,,,,005ao000002RnLFAA0,2024-06-03T19:41:00.000+0000,005ao000002RnLFAA0,2024-06-03T19:41:00.000+0000,005ao000002RnLFAA0,2024-06-03T19:41:00.000+0000,,,,,,003ao0000063khiAAA,1,,,,,,,,,,,,,,,,,,,,,,,smcneil@example.com,,,,,1990-07-10,,,,,,,,,,,,,,,,,,,,,,,,,,,,,,,,,,,,,,,,,,,,,,,,,,,,,,,0,0,0,0,,,,,,,0,0,0,0,0,0,0,0,,,,,,,0,,,0,0,0,0,0,0,0,0,0,315 E. 14th St.<br>Davis CA 95616,FALSE,,,,,,,,,,,,,,1,,,,,,,,,,,,,,,,,,,,,,,,,,,,,,,,0,0,183297,,,,,,,,34 years 0 months 9 days,34,,"315 E. 14th St.<br>Davis, CA 95616<br>USA",,,,United States,,,,,,,,,,,,,,,,,,,,,,,,,,,,,,,,United States,English,,,0,United States,English,"315 E. 14th Street<br>Davis, CA 95616<br>USA",,,,,,,34,012ao000001NOab,,,,,,,,,,,,,,,,,,,,,,,,,,,,,,,,,,,,,,0,,,,US
001ao00000bXAWoAAO,,,Deanna Collins,Collins,Deanna,,Other,012ao000001NOabAAG,,2323 Mission St,San Francisco,CA,94110,USA,37.75986,-122.41881,,"{""city"":""San Francisco"",""country"":""USA"",""geocodeAccuracy"":null,""latitude"":37.75986,""longitude"":-122.41881,""postalCode"":""94110"",""state"":""CA"",""street"":""2323 Mission St""}",,,,,,,,,,(266) 555-2339,,,/services/images/photo/001ao00000bXAWoAAO,,,,,005ao000002RnLFAA0,2024-06-03T19:41:00.000+0000,005ao000002RnLFAA0,2024-06-03T19:41:00.000+0000,005ao000002RnLFAA0,2024-06-03T19:41:00.000+0000,2024-05-14,2024-06-25T03:00:59.000+0000,2024-06-25T03:00:59.000+0000,,,003ao0000063khjAAA,1,,,,,,,,,,,,,,,,,,,,,,,dcollins@example.com,,,,,1983-03-02,,,,,,,,,,,,,,,,,,,,,,,,,,,,,,,,,,,,,,,,,,,,,,,,,,,,,,,0,0,0,0,,,,,,,0,0,0,0,0,0,0,0,,,,,,,0,,,0,0,0,0,0,0,0,0,0,2323 Mission St<br>San Francisco CA 94110,FALSE,,,,,,,,,,,,,,1,,,,,,,,,,,,,,,,,,,,,,,,,,,,,,,,0,0,213321,,,,,,,,41 years 4 months 17 days,41.3,,"2323 Mission St<br>San Francisco, CA 94110<br>USA",,,,United States,,,,,,,,,,,,,,,,,,,,,,,,,,,,,,,,United States,English,,,0,United States,English,,,,,,,,41,012ao000001NOab,,,,,,,,,,,,,,,,,,,,,,,,,,,,,,,,,,,,,,0,,,,US
001ao00000bXAWpAAO,,,Andy Peterson,Peterson,Andy,,Prospect,012ao000001NOabAAG,,100 Larkin Street,San Francisco,CA,94102,USA,37.77934,-122.41586,,"{""city"":""San Francisco"",""country"":""USA"",""geocodeAccuracy"":null,""latitude"":37.77934,""longitude"":-122.41586,""postalCode"":""94102"",""state"":""CA"",""street"":""100 Larkin Street""}",100 Larkin Street,San Francisco,CA,94102,USA,,,,"{""city"":""San Francisco"",""country"":""USA"",""geocodeAccuracy"":null,""latitude"":null,""longitude"":null,""postalCode"":""94102"",""state"":""CA"",""street"":""100 Larkin Street""}",(310) 555-3983,,,/services/images/photo/001ao00000bXAWpAAO,,,,,005ao000002RnLFAA0,2024-06-03T19:41:00.000+0000,005ao000002RnLFAA0,2024-06-03T19:41:00.000+0000,005ao000002RnLFAA0,2024-06-03T19:41:00.000+0000,,2024-06-25T03:00:59.000+0000,2024-06-25T03:00:59.000+0000,,,003ao0000063khkAAA,1,,,,,,,,,,,,,,,,,,,,,,,apeterson@example.com,,,,,1960-10-03,,,,,,,,,,,,,,,,,,,,,,,,,,,,,,,,,,,,,,,,,,,,,,,,,,,,,,,0,0,0,0,,,,,,,0,0,0,0,0,0,0,0,,,,,,,0,,,0,0,0,0,0,0,0,0,0,100 Larkin Street<br>San Francisco CA 94102,FALSE,,,,,,,,,,,,,,1,,,,,,,,,,,,,,,,,,,,,,,,,,,,,,,,0,0,953201,,,,,,,,63 years 9 months 16 days,63.8,,"100 Larkin Street<br>San Francisco, CA 94102<br>USA",,,,United States,,,,,,,,,,,,,,,,,,,,,,,,,,,,,,,,United States,English,,,0,United States,English,"100 Larkin Street<br>San Francisco, CA 94102<br>USA",,,,,,,63,012ao000001NOab,,,,,,,,,,,,,,,,,,,,,,,,,,,,,,,,,,,,,,0,,,,US
001ao00000bXAWqAAO,,,Anne Frost,Frost,Anne,,Other,012ao000001NOabAAG,,345 California St,San Francisco,CA,94105,USA,37.7926,-122.40044,,"{""city"":""San Francisco"",""country"":""USA"",""geocodeAccuracy"":null,""latitude"":37.7926,""longitude"":-122.40044,""postalCode"":""94105"",""state"":""CA"",""street"":""345 California St""}",,,,,,,,,,(415) 555-2110,,,/services/images/photo/001ao00000bXAWqAAO,,,,,005ao000002RnLFAA0,2024-06-03T19:41:00.000+0000,005ao000002RnLFAA0,2024-06-03T19:41:00.000+0000,005ao000002RnLFAA0,2024-06-03T19:41:00.000+0000,,2024-07-18T16:14:00.000+0000,2024-07-18T16:14:00.000+0000,,,003ao0000063khlAAA,1,,,,,,,,,,,,,,,,,,,,,,,afrost@example.com,,,,,1981-01-17,,,,,,,,,,,,,,,,,,,,,,,,,,,,,,,,,,,,,,,,,,,,,,,,,,,,,,,0,0,0,0,,,,,,,0,0,0,0,0,0,0,0,,,,,,,0,,,0,0,0,0,0,0,0,0,0,345 California St<br>San Francisco CA 94105,FALSE,,,,,,,,,,,,,,1,,,,,,,,,,,,,,,,,,,,,,,,,,,,,,,,0,0,741852,,,,,,,,43 years 6 months 2 days,43.5,,"345 California St<br>San Francisco, CA 94105<br>USA",,,,United States,,,,,,,,,,,,,,,,,,,,,,,,,,,,,,,,United States,English,,,0,United States,English,,,,,,,,43,012ao000001NOab,,,,,,,,,,,,,,,,,,,,,,,,,,,,,,,,,,,,,,0,,,,US
001ao00000bXAWrAAO,,,Richard Bennett,Bennett,Richard,,Client,012ao000001NOabAAG,,490 Geary St.,San Francisco,CA,94016,US,33.69201,-117.77733,,"{""city"":""San Francisco"",""country"":""US"",""geocodeAccuracy"":null,""latitude"":33.69201,""longitude"":-117.77733,""postalCode"":""94016"",""state"":""CA"",""street"":""490 Geary St.""}",,,,,,,,,,6103797322,,,/services/images/photo/001ao00000bXAWrAAO,,,,,005ao000002RnLFAA0,2024-06-03T19:41:00.000+0000,005ao000002RnLFAA0,2024-06-03T19:41:00.000+0000,005ao000002RnLFAA0,2024-06-03T19:41:00.000+0000,2024-05-14,,,,,003ao0000063khmAAA,1,1 Market St,San Francisco,CA,94105,US,37.79337,-122.39423,,"{""city"":""San Francisco"",""country"":""US"",""geocodeAccuracy"":null,""latitude"":37.79337,""longitude"":-122.39423,""postalCode"":""94105"",""state"":""CA"",""street"":""1 Market St""}",,,,,,,,,,6103797322,,,,rbennett@example.com,Mortgage Client,,,Website,1979-09-21,,,,,,,,,,,,,,,,,,,,,,,,,,,,,,,,,,,,,,,,,,,,,,,,,,,,,,,0,0,0,0,,,,,,,0,0,0,0,0,0,0,0,,,,,,,0,,,0,0,0,0,0,0,0,0,0,490 Geary St.<br>San Francisco CA 94016,FALSE,,,,,,,,,,,,,,1,,,,,,,,,,,,,,,,,,,,,,,,,,,,,,,,0,0,75410,,,,,,,,44 years 9 months 28 days,44.8,5741574,"490 Geary St.<br>San Francisco, CA 94016<br>US",,,,United States,United States,,,,,,,,,,,,,,,"1 Market St<br>San Francisco, CA 94105<br>US",Married,,,,,,,,,,,,,,,United States,English,,,0,United States,English,,,,,,,,44,012ao000001NOab,,,,,,,,,,,,,,,,,,,,,,,,,,,,,,,,,,,,,,0,,,,US
001ao00000bXAWsAAO,,,Charlie Ellis,Ellis,Charlie,,Client,012ao000001NOabAAG,,15 Market Street,San Francisco,CA,94105,USA,46.76258,-97.55601,,"{""city"":""San Francisco"",""country"":""USA"",""geocodeAccuracy"":null,""latitude"":46.76258,""longitude"":-97.55601,""postalCode"":""94105"",""state"":""CA"",""street"":""15 Market Street""}",15 Market Street,San Francisco,CA,94105,USA,,,,"{""city"":""San Francisco"",""country"":""USA"",""geocodeAccuracy"":null,""latitude"":null,""longitude"":null,""postalCode"":""94105"",""state"":""CA"",""street"":""15 Market Street""}",3846592109,,,/services/images/photo/001ao00000bXAWsAAO,,,,,005ao000002RnLFAA0,2024-06-03T19:41:00.000+0000,005ao000002RnLFAA0,2024-06-03T19:41:00.000+0000,005ao000002RnLFAA0,2024-06-03T19:41:00.000+0000,,,,,,003ao0000063khnAAA,1,15 Market Street,San Francisco,CA,94105,USA,41.90423,-87.63822,,"{""city"":""San Francisco"",""country"":""USA"",""geocodeAccuracy"":null,""latitude"":41.90423,""longitude"":-87.63822,""postalCode"":""94105"",""state"":""CA"",""street"":""15 Market Street""}",,,,,,,,,,3846592109,,,,cellis@example.com,Banking Client,,,Referral,1992-12-02,,,,,,,,,,,,,,,,,,,,,,,,,,,,,,,,,,,,,,,,,,,,,,,,,,,,,,,0,0,0,0,,,,,,,0,0,0,0,0,0,0,0,,,,,,,0,,,0,0,0,0,0,0,0,0,0,15 Market Street<br>San Francisco CA 94105,FALSE,,,,,,,,,,,,,,1,,,,,,,,,,,,,,,,,,,,,,,,,,,,,,,,0,0,321654,,,,,,,,31 years 7 months 17 days,31.6,305924,"15 Market Street<br>San Francisco, CA 94105<br>USA",,,,United States,United States,,,,,,,,,,,,,,,"15 Market Street<br>San Francisco, CA 94105<br>USA",,,,,,,,,,,,,,,,United States,English,,,0,United States,English,"15 Market Street<br>San Francisco, CA 94105<br>USA",,,,,,,31,012ao000001NOab,,,,,,,,,,,,,,,,,,,,,,,,,,,,,,,,,,,,,,0,,,,US
001ao00000bXAWtAAO,,,Jack Morris,Morris,Jack,,Prospect,012ao000001NOabAAG,,,,,,,,,,,,,,,,,,,,4748599209,,,/services/images/photo/001ao00000bXAWtAAO,,,,,005ao000002RnLFAA0,2024-06-03T19:41:00.000+0000,005ao000002RnLFAA0,2024-06-03T19:41:00.000+0000,005ao000002RnLFAA0,2024-06-03T19:41:00.000+0000,,,,,,003ao0000063khoAAA,1,5669 2nd Ave,Chicago,IL,60610,US,41.90423,-87.63822,,"{""city"":""Chicago"",""country"":""US"",""geocodeAccuracy"":null,""latitude"":41.90423,""longitude"":-87.63822,""postalCode"":""60610"",""state"":""IL"",""street"":""5669 2nd Ave""}",,,,,,,,,,4748599209,,,,jackmorris99@gmail.com,,,,Referral,2004-04-12,,,,,,,,,,,,,,,,,,,,,,,,,,,,,,,,,,,,,,,,,,,,,,,,,,,,,,,0,0,0,0,,,,,,,0,0,0,0,0,0,0,0,,,,,,,0,,,0,0,0,0,0,0,0,0,0,<br>,FALSE,,,,,,,,,,,,,,1,,,,,,,,,,,,,,,,,,,,,,,,,,,,,,,,0,0,357951,,,,,,,,20 years 3 months 7 days,20.3,13149460,,,,,United States,United States,,,,,,,,,,,,,,,"5669 2nd Ave<br>Chicago, IL 60610<br>US",Single,,,,,,,,,,,,,,,United States,English,,,0,United States,English,,,,,,,,20,012ao000001NOab,,,,,,,,,,,,,,,,,,,,,,,,,,,,,,,,,,,,,,0,,,,US
001ao00000bXAWuAAO,,,Rohit Singh,Singh,Rohit,,Prospect,012ao000001NOabAAG,,10 Bay Street,Toronto,ON,M5J 2S3,Canada,37.78489,-122.40409,,"{""city"":""Toronto"",""country"":""Canada"",""geocodeAccuracy"":null,""latitude"":37.78489,""longitude"":-122.40409,""postalCode"":""M5J 2S3"",""state"":""ON"",""street"":""10 Bay Street""}",10 Bay Street,Toronto,ON,M5J 2S3,Canada,,,,"{""city"":""Toronto"",""country"":""Canada"",""geocodeAccuracy"":null,""latitude"":null,""longitude"":null,""postalCode"":""M5J 2S3"",""state"":""ON"",""street"":""10 Bay Street""}",6476543210,,,/services/images/photo/001ao00000bXAWuAAO,,,,,005ao000002RnLFAA0,2024-06-03T19:41:00.000+0000,005ao000002RnLFAA0,2024-06-03T19:41:00.000+0000,005ao000002RnLFAA0,2024-06-03T19:41:00.000+0000,,,,,,003ao0000063khpAAA,1,5502 West Terrace Gable Circle,Katy,TX,77494,US,29.71801,-95.79662,,"{""city"":""Katy"",""country"":""US"",""geocodeAccuracy"":null,""latitude"":29.71801,""longitude"":-95.79662,""postalCode"":""77494"",""state"":""TX"",""street"":""5502 West Terrace Gable Circle""}",,,,,,,,,,9124064324,,,,nigel.morris@gmail.com,CEO,,,Inbound Call,1969-01-08,,,,,,,,,,,,,,,,,,,,,,,,,,,,,,,,,,,,,,,,,,,,,,,,,,,,,,,0,0,0,0,,,,,,,0,0,0,0,0,0,0,0,,,,,,,0,,,0,0,0,0,0,0,0,0,0,10 Bay Street<br>Toronto ON M5J 2S3,FALSE,,,,,,,,,,,,,,1,,,,,,,,,,,,,,,,,,,,,,,,,,,,,,,,0,0,236145,,,,,,,,55 years 6 months 11 days,55.5,8604405,"10 Bay Street<br>Toronto, ON M5J 2S3<br>Canada",,,,United States,United States,,,,,,,,,,,,,,,"5502 West Terrace Gable Circle<br>Katy, TX 77494<br>US",Married,,,,,,,,,,,,,,,United States,English,,,0,United States,English,"10 Bay Street<br>Toronto, ON M5J 2S3<br>Canada",,,,,,,55,012ao000001NOab,,,,,,,,,,,,,,,,,,,,,,,,,,,,,,,,,,,,,,0,,,,US
001ao00000bXAWvAAO,,,Harry Gray,Gray,Harry,,Other,012ao000001NOabAAG,,,,,,,,,,,,,,,,,,,,8446493505,,,/services/images/photo/001ao00000bXAWvAAO,Construction,248798,4,,005ao000002RnLFAA0,2024-06-03T19:41:00.000+0000,005ao000002RnLFAA0,2024-06-03T19:41:00.000+0000,005ao000002RnLFAA0,2024-06-03T19:41:00.000+0000,2024-05-14,2024-06-25T03:01:13.000+0000,2024-06-25T03:01:13.000+0000,,,003ao0000063khqAAA,1,2969 Market Street,San Francisco,CA,94105,US,37.7609451,-122.4405938,,"{""city"":""San Francisco"",""country"":""US"",""geocodeAccuracy"":null,""latitude"":37.7609451,""longitude"":-122.4405938,""postalCode"":""94105"",""state"":""CA"",""street"":""2969 Market Street""}",,,,,,,,,,8446493505,,,,harry.gray@cumulusfsc.com,Cardiac Surgeon,,,Referral,,,,,,,,,,,,,,,,,,,,,,,,,,,,,,,,,,,,,,,,,,,,,,,,,,,,,,,,0,0,0,0,,,,,,,0,0,0,0,0,0,0,0,,,,,,,0,,,0,0,0,0,0,0,0,0,0,<br>,FALSE,,,,,,,,,,,,,,1,,,,,,,,,,,,,,,,,,,,,,,,,,,,,,,,0,0,654123,,,,,,,,,,14047503,,,,,United States,United States,,,,,,,,,,,,,,,"2969 Market Street<br>San Francisco, CA 94105<br>US",,,,,,,,,,,,,,,,United States,English,,,0,United States,English,,,,,,,,,012ao000001NOab,,,,,,,,,,,,,,,,,,,,,,,,,,,,,,,,,,,,,,0,,,,US
001ao00000bXAWwAAO,,,Will Johnson,Johnson,Will,,Prospect,012ao000001NOabAAG,,7280 Luther Camp,West Ivyville,MT,52167,USA,45.31785,-109.4341,,"{""city"":""West Ivyville"",""country"":""USA"",""geocodeAccuracy"":null,""latitude"":45.31785,""longitude"":-109.4341,""postalCode"":""52167"",""state"":""MT"",""street"":""7280 Luther Camp""}",227 Mikayla Pike,Torpfurt,CT,61333,USA,,,,"{""city"":""Torpfurt"",""country"":""USA"",""geocodeAccuracy"":null,""latitude"":null,""longitude"":null,""postalCode"":""61333"",""state"":""CT"",""street"":""227 Mikayla Pike""}",1190919703,,,/services/images/photo/001ao00000bXAWwAAO,,,,,005ao000002RnLFAA0,2024-06-03T19:41:00.000+0000,005ao000002RnLFAA0,2024-06-03T19:41:00.000+0000,005ao000002RnLFAA0,2024-06-03T19:41:00.000+0000,,2024-06-25T03:05:30.000+0000,2024-06-25T03:05:30.000+0000,,,003ao0000063khrAAA,1,2988 Market Street,San Francisco,CA,94105,US,37.7612149,-122.44089,,"{""city"":""San Francisco"",""country"":""US"",""geocodeAccuracy"":null,""latitude"":37.7612149,""longitude"":-122.44089,""postalCode"":""94105"",""state"":""CA"",""street"":""2988 Market Street""}",,,,,,,,,,1190919703,,,,will.johnson@cumulusfsc.com,,,,Social Media,1997-10-25,,,,,,,,,,,,,,,,,,,,,,,,,,,,,,,,,,,,,,,,,,,,,,,,,,,,,,,0,0,0,0,,,,,,,0,0,0,0,0,0,0,0,,,,,,,0,,,0,0,0,0,0,0,0,0,0,7280 Luther Camp<br>West Ivyville MT 52167,FALSE,,,,,,,,,,,,,,1,,,,,,,,,,,,,,,,,,,,,,,,,,,,,,,,0,0,146346,,,,,,,,26 years 8 months 25 days,26.7,6246558,"7280 Luther Camp<br>West Ivyville, MT 52167<br>USA",,,,United States,United States,,,,,,,,,,,,,,,"2988 Market Street<br>San Francisco, CA 94105<br>US",,,,,,,,,,,,,,,,United States,English,,,0,United States,English,"227 Mikayla Pike<br>Torpfurt, CT 61333<br>USA",,,,,,,26,012ao000001NOab,,,,,,,,,,,,,,,,,,,,,,,,,,,,,,,,,,,,,,0,,,,US
001ao00000bXAWxAAO,,,Jen Hartley,Hartley,Jen,,Customer,012ao000001NOabAAG,,109 Montgomery Avenue,Scarsdale,NY,10583,United States,40.97876,-73.80595,,"{""city"":""Scarsdale"",""country"":""United States"",""geocodeAccuracy"":null,""latitude"":40.97876,""longitude"":-73.80595,""postalCode"":""10583"",""state"":""NY"",""street"":""109 Montgomery Avenue""}",,,,,,,,,,604-004-0213,,,/services/images/photo/001ao00000bXAWxAAO,,,,,005ao000002RnLFAA0,2024-06-03T19:41:00.000+0000,005ao000002RnLFAA0,2024-06-03T19:41:00.000+0000,005ao000002RnLFAA0,2024-06-03T19:41:00.000+0000,,,,,,003ao0000063khsAAA,1,109 Montgomery Avenue,Scarsdale,NY,10583,United States,40.97876,-73.80595,,"{""city"":""Scarsdale"",""country"":""United States"",""geocodeAccuracy"":null,""latitude"":40.97876,""longitude"":-73.80595,""postalCode"":""10583"",""state"":""NY"",""street"":""109 Montgomery Avenue""}",,,,,,,,,,604-004-0213,,,,jen@example.com,Senior Wealth Advisor,,,,1975-10-12,,,,,,,,,,,,,,,,,,,,,,,,,,,,,,,,,,,,,,,,,,,,,,,,,,,,,,,0,0,0,0,,,,,,,0,0,0,0,0,0,0,0,,,,,,,0,,,0,0,0,0,0,0,0,0,0,109 Montgomery Avenue<br>Scarsdale NY 10583,FALSE,,,,,,,,,,,,,,1,,,,,,,,,,,,,,,,,,,,,,,,,,,,,,,,0,0,654987,,,,,,,,48 years 9 months 7 days,48.8,,"109 Montgomery Avenue<br>Scarsdale, NY 10583<br>United States",,,,United States,,,,,,,,,,,,,,,,"109 Montgomery Avenue<br>Scarsdale, NY 10583<br>United States",Single,,,,,,,,,,,,,,,United States,English,,,0,United States,English,,,,,,,,48,012ao000001NOab,,,,,,,,,,,,,,,,,,,,,,,,,,,,,,,,,,,,,,0,,,,US
001ao00000bXAWyAAO,,,Karan Johar,Johar,Karan,,Client,012ao000001NOabAAG,,10 Bay Street,Toronto,ON,M5J 2S3,Canada,37.66584,-122.39458,,"{""city"":""Toronto"",""country"":""Canada"",""geocodeAccuracy"":null,""latitude"":37.66584,""longitude"":-122.39458,""postalCode"":""M5J 2S3"",""state"":""ON"",""street"":""10 Bay Street""}",,,,,,,,,,416.555.9876,,,/services/images/photo/001ao00000bXAWyAAO,,,,,005ao000002RnLFAA0,2024-06-03T19:41:00.000+0000,005ao000002RnLFAA0,2024-06-03T19:41:00.000+0000,005ao000002RnLFAA0,2024-06-03T19:41:00.000+0000,2024-05-14,,,,,003ao0000063khtAAA,1,10 Bay Street,Toronto,ON,M5J 2S3,Canada,37.79337,-122.39423,,"{""city"":""Toronto"",""country"":""Canada"",""geocodeAccuracy"":null,""latitude"":37.79337,""longitude"":-122.39423,""postalCode"":""M5J 2S3"",""state"":""ON"",""street"":""10 Bay Street""}",,,,,,,,,,8635841901,,,,karan.johar@example.com,"Commercial Banking Client, Wealth Client, Board Member",,,Website,1973-04-18,,,,,,,,,,,,,,,,,,,,,,,,,,,,,,,,,,,,,,,,,,,,,,,,,,,,,,,0,0,0,0,,,,,,,0,0,0,0,0,0,0,0,,,,,,,0,,,0,0,0,0,0,0,0,0,0,10 Bay Street<br>Toronto ON M5J 2S3,FALSE,,,,,,,,,,,,,,1,,,,,,,,,,,,,,,,,,,,,,,,,,,,,,,,0,0,963852,,,,,,,,51 years 3 months 1 days,51.3,185000,"10 Bay Street<br>Toronto, ON M5J 2S3<br>Canada",,,,United States,United States,,,,,,,,,,,,,,,"10 Bay Street<br>Toronto, ON M5J 2S3<br>Canada",Married,,,,,,,,,,,,,,,United States,English,,,0,United States,English,,,,,,,,51,012ao000001NOab,,,,,,,,,,,,,,,,,,,,,,,,,,,,,,,,,,,,,,0,,,,US
001ao00000bXAWzAAO,,,Virat Singh,Singh,Virat,,Customer,012ao000001NOabAAG,,161 Front Street West,Toronto,ON,M5J,Canada,37.7869125,-122.4129151,,"{""city"":""Toronto"",""country"":""Canada"",""geocodeAccuracy"":null,""latitude"":37.7869125,""longitude"":-122.4129151,""postalCode"":""M5J"",""state"":""ON"",""street"":""161 Front Street West""}",1 Market Street,San Francisco,CA,94105,US,,,,"{""city"":""San Francisco"",""country"":""US"",""geocodeAccuracy"":null,""latitude"":null,""longitude"":null,""postalCode"":""94105"",""state"":""CA"",""street"":""1 Market Street""}",6477895632,,,/services/images/photo/001ao00000bXAWzAAO,,,,JamesTest,005ao000002RnLFAA0,2024-06-03T19:41:00.000+0000,005ao000002RnLFAA0,2024-06-03T19:41:00.000+0000,005ao000002RnLFAA0,2024-06-03T19:41:00.000+0000,2024-05-14,,,,,003ao0000063khuAAA,1,161 Front Street West,Toronto,ON,M5J,Canada,37.79337,-122.39423,,"{""city"":""Toronto"",""country"":""Canada"",""geocodeAccuracy"":null,""latitude"":37.79337,""longitude"":-122.39423,""postalCode"":""M5J"",""state"":""ON"",""street"":""161 Front Street West""}",,,,,,,,,,8051298905,,,,virat.singh@sample.com,Banking Client,,,Social Media,1968-06-17,,,,,,,,,,,,,,,,,,,,,,,,,,,,,,,,,2023-09-20,,,,,,,,2024-09-17,,,,,,,,,,,,,,0,0,155745,0,,938133,0,938133,0,,0,0,782388,0,509222,0,987000,0,,,,,,,0,,,155745,938133,0,782388,509222,987000,0,0,100,161 Front Street West<br>Toronto ON M5J,FALSE,,,,,,,,,,,,,,1,,,,,,,,,,,,,,,,,,,,,,,,,,,,,,,,0,0,753951,,,,,,,,56 years 1 months 2 days,56.1,13332690,"161 Front Street West<br>Toronto, ON M5J<br>Canada",,,,United States,United States,,,,,,,,,,,,,,,"161 Front Street West<br>Toronto, ON M5J<br>Canada",Single,,,,,,,,,,,,,,,United States,English,,,0,United States,English,"1 Market Street<br>San Francisco, CA 94105<br>US",,,,,,,56,012ao000001NOab,,,,,,,,,,,,,,,,,,,,,,,,,,,,,,,,,,,,,,0,,,,US
001ao00000bXAX0AAO,,,Vishal Singh,Singh,Vishal,,,012ao000001NOabAAG,,,,,,,,,,,,,,,,,,,,6477847412,,,/services/images/photo/001ao00000bXAX0AAO,,,,,005ao000002RnLFAA0,2024-06-03T19:41:00.000+0000,005ao000002RnLFAA0,2024-06-03T19:41:00.000+0000,005ao000002RnLFAA0,2024-06-03T19:41:00.000+0000,,,,,,003ao0000063khvAAA,1,,,,,,,,,,,,,,,,,,,4165554123,,,,vishal.singh@example.com,,,,,1993-10-29,,,,,,,,,,,,,,,,,,,,,,,,,,0012226542627118351710313341344,Individual,,,,,,,,,,,,,,2024-11-28,,,,,,,,,,,,,,0,0,0,0,,,,,,,0,0,0,0,0,0,0,0,,,,,,,0,,,0,0,0,0,0,0,0,0,0,<br>,,,,,,,,,,,,,,,,,,,,,,,,,,,,,,,,,,,,,,,,,,,,,,,0,0,,,,,,,,,30 years 8 months 21 days,30.7,,,,,,United States,,,,,,,,,,,,,,,,,,,,,,,,,,,,,,,,United States,English,,,0,United States,English,,,,,,,0012226542627118351710313341344,30,012ao000001NOab,,,,,,,,,,,,,,,,,,,,,,,,,,,,,,,,,,,,,,0,,,,US
001ao00000bXAX1AAO,,,Saira Singh,Singh,Saira,,,012ao000001NOabAAG,,,,,,,,,,,,,,,,,,,,9085241230,,,/services/images/photo/001ao00000bXAX1AAO,,,,,005ao000002RnLFAA0,2024-06-03T19:41:00.000+0000,005ao000002RnLFAA0,2024-06-03T19:41:00.000+0000,005ao000002RnLFAA0,2024-06-03T19:41:00.000+0000,,,,,,003ao0000063khwAAA,1,,,,,,,,,,,,,,,,,,,,,,,saira@example.com,,,,,,,,,,,,,,,,,,,,,,,,,,,,,,,0013042602874215941713838636350,Individual,,,,,,,,,,,,,,,,,,,,,,,,,,,,0,0,0,0,,,,,,,0,0,0,0,0,0,0,0,,,,,,,0,,,0,0,0,0,0,0,0,0,0,<br>,,,,,,,,,,,,,,,,,,,,,,,,,,,,,,,,,,,,,,,,,,,,,,,0,0,,,,,,,,,,,,,,,,United States,,,,,,,,,,,,,,,,,,,,,,,,,,,,,,,,United States,English,,,0,United States,English,,,,,,,0013042602874215941713838636350,,012ao000001NOab,,,,,,,,,,,,,,,,,,,,,,,,,,,,,,,,,,,,,,0,,,,US
